{
    "fids": [
        [
            43.023299625231815,
            {
                "precision": 1.0,
                "recall": 0.0,
                "density": 2226.3274414062503,
                "coverage": 0.6573275862068966
            }
        ],
        [
            36.81520869842124,
            {
                "precision": 1.0,
                "recall": 0.0,
                "density": 2157.9944335937503,
                "coverage": 0.6520852749301025
            }
        ],
        [
            17.419889458692452,
            {
                "precision": 1.0,
                "recall": 0.0,
                "density": 206.75205078125,
                "coverage": 0.31168452935694313
            }
        ],
        [
            40.98518568698671,
            {
                "precision": 1.0,
                "recall": 0.0,
                "density": 2212.08603515625,
                "coverage": 0.6573275862068966
            }
        ],
        [
            37.27216634652762,
            {
                "precision": 1.0,
                "recall": 0.0,
                "density": 2174.35751953125,
                "coverage": 0.6537744641192917
            }
        ]
    ]
}